,code,url
0,404,http://www.neracoos.org/thredds/dodsC/UMO/DSG/SOS/A01/Doppler/HistoricRealtime/Agg.ncml
1,404,http://www.neracoos.org/thredds/dodsC/UMO/DSG/SOS/B01/Doppler/HistoricRealtime/Agg.ncml
2,404,http://www.neracoos.org/thredds/dodsC/UMO/DSG/SOS/C02/Doppler/HistoricRealtime/Agg.ncml
3,404,http://www.neracoos.org/thredds/dodsC/UMO/DSG/SOS/E01/Doppler/HistoricRealtime/Agg.ncml
4,404,http://www.neracoos.org/thredds/dodsC/UMO/DSG/SOS/F01/Doppler/HistoricRealtime/Agg.ncml
5,404,http://www.neracoos.org/thredds/dodsC/UMO/DSG/SOS/I01/Doppler/HistoricRealtime/Agg.ncml
6,404,http://www.neracoos.org/thredds/dodsC/UMO/DSG/SOS/L01/Doppler/HistoricRealtime/Agg.ncml
7,404,http://www.neracoos.org/thredds/dodsC/UMO/DSG/SOS/M01/Doppler/HistoricRealtime/Agg.ncml
8,404,http://www.neracoos.org/thredds/dodsC/UMO/DSG/SOS/N01/Doppler/HistoricRealtime/Agg.ncml
9,503,http://sos.maracoos.org/thredds/dodsC/agg/rutgersespresso/agg.nc
10,-1,http://www.neracoos.org/thredds/dodsC/UMO/DSG/SOS/F01/Met/HistoricRealtime/Agg.ncml
11,-1,http://www.neracoos.org/thredds/dodsC/UMO/DSG/SOS/I01/Met/HistoricRealtime/Agg.ncml
12,404,http://thredds.axiomalaska.com/thredds/dodsC/HIRE_WEST_CONUS.nc
13,404,http://thredds.axiomalaska.com/thredds/dodsC/NAM_12_CONUS.nc
14,-1,http://thredds.axiomalaska.com/thredds/dodsC/WRF_MPH.nc
15,-1,http://tds.secoora.org/thredds/dodsC/cormp.ocp1.buoy.nc
16,-1,http://tds.secoora.org/thredds/dodsC/enp.bnkf1.met.nc
17,-1,http://tds.secoora.org/thredds/dodsC/enp.cnbf1.met.nc
18,-1,http://tds.secoora.org/thredds/dodsC/enp.cwaf1.met.nc
19,-1,http://tds.secoora.org/thredds/dodsC/enp.gbif1.met.nc
20,-1,http://tds.secoora.org/thredds/dodsC/enp.gbtf1.met.nc
21,-1,http://tds.secoora.org/thredds/dodsC/enp.hcef1.met.nc
22,-1,http://tds.secoora.org/thredds/dodsC/enp.jkyf1.met.nc
23,-1,http://tds.secoora.org/thredds/dodsC/enp.lbrf1.met.nc
24,-1,http://tds.secoora.org/thredds/dodsC/enp.lmdf1.met.nc
25,-1,http://tds.secoora.org/thredds/dodsC/enp.lrif1.met.nc
26,-1,http://tds.secoora.org/thredds/dodsC/enp.lrkf1.met.nc
27,-1,http://tds.secoora.org/thredds/dodsC/enp.pkyf1.met.nc
28,-1,http://tds.secoora.org/thredds/dodsC/enp.ppta1.met.nc
29,-1,http://tds.secoora.org/thredds/dodsC/enp.tcvf1.met.nc
30,-1,http://tds.secoora.org/thredds/dodsC/fldep.stlucieinlet..nc
31,-1,http://tds.secoora.org/thredds/dodsC/usf.apk.ngwlms.nc
32,-1,http://thredds.axiomalaska.com/thredds/dodsC/MASIE.nc
33,-1,http://thredds.axiomalaska.com/thredds/dodsC/TAMU_SWAN_PWS.nc
34,404,http://dm2.caricoos.org/thredds/dodsC/content/swan/201407071200.nc
35,404,http://dm2.caricoos.org/thredds/dodsC/content/swan/201407081200.nc
36,404,http://dm2.caricoos.org/thredds/dodsC/content/swan/201407091200.nc
37,404,http://dm2.caricoos.org/thredds/dodsC/content/swan/201407101200.nc
38,404,http://dm2.caricoos.org/thredds/dodsC/content/swan/201407111200.nc
39,404,http://dm2.caricoos.org/thredds/dodsC/content/swan/201407121200.nc
40,404,http://dm2.caricoos.org/thredds/dodsC/content/swan/201407131200.nc
41,404,http://dm2.caricoos.org/thredds/dodsC/content/swan/201407151200.nc
42,404,http://dm2.caricoos.org/thredds/dodsC/content/swan/201407161200.nc
43,404,http://ecowatch.ncddc.noaa.gov/thredds/dodsC/onomads/rtofs/rtofs_surface_agg/best
44,404,http://ecowatch.ncddc.noaa.gov/thredds/dodsC/onomads/rtofs/rtofs_volume_agg/best
45,-1,http://tds.glos.us/thredds/dodsC/HECWFS-Nowcast-Agg.nc
46,-1,http://tds.glos.us/thredds/dodsC/SLRFVM-Nowcast-Agg.nc
47,404,http://dm2.caricoos.org/thredds/dodsC/content/swan/201407171200.nc
48,404,http://dm2.caricoos.org/thredds/dodsC/content/swan/201407181200.nc
49,404,http://dm2.caricoos.org/thredds/dodsC/content/swan/201407191200.nc
50,404,http://dm2.caricoos.org/thredds/dodsC/content/swan/201407201200.nc
51,500,http://comt.sura.org/thredds/dodsC/data/comt_1_archive/inundation_tropical/UND_ADCIRC/Hurricane_Ike_2D_preliminary_run_6_without_waves_and_advection_implicit_1s
52,500,http://comt.sura.org/thredds/dodsC/data/comt_1_archive/inundation_tropical/UND_ADCIRC/Hurricane_Ike_2D_preliminary_run_7_with_waves_without_advection_implicit_1s
53,500,http://comt.sura.org/thredds/dodsC/data/comt_1_archive/inundation_tropical/UND_ADCIRC/Hurricane_Ike_2D_preliminary_run_8_with_waves_and_levees
54,500,http://comt.sura.org/thredds/dodsC/data/comt_1_archive/inundation_tropical/UND_ADCIRC/Hurricane_Ike_2D_preliminary_run_9_with_waves_and_levees_and_river_flow
55,404,http://dm2.caricoos.org/thredds/dodsC/content/swan/201407211200.nc
56,404,http://dm2.caricoos.org/thredds/dodsC/content/swan/201407221200.nc
57,404,http://dm2.caricoos.org/thredds/dodsC/content/swan/201407230000.nc
58,404,http://dm2.caricoos.org/thredds/dodsC/content/swan/201407240000.nc
59,404,http://dm2.caricoos.org/thredds/dodsC/content/swan/201407250000.nc
60,404,http://dm2.caricoos.org/thredds/dodsC/content/swan/201407260000.nc
61,404,http://dm2.caricoos.org/thredds/dodsC/content/swan/201407281200.nc
62,404,http://dm2.caricoos.org/thredds/dodsC/content/swan/201407301200.nc
63,404,http://dm2.caricoos.org/thredds/dodsC/content/swan/201407311200.nc
64,404,http://dm2.caricoos.org/thredds/dodsC/content/swan/201408011200.nc
65,404,http://dm2.caricoos.org/thredds/dodsC/content/swan/201408021200.nc
66,404,http://dm2.caricoos.org/thredds/dodsC/content/swan/201408031200.nc
67,404,http://dm2.caricoos.org/thredds/dodsC/content/swan/201408041200.nc
68,404,http://dm2.caricoos.org/thredds/dodsC/content/swan/201408061200.nc
69,404,http://dm2.caricoos.org/thredds/dodsC/content/swan/201408071200.nc
70,404,http://dm2.caricoos.org/thredds/dodsC/content/swan/201408081200.nc
71,404,http://dm2.caricoos.org/thredds/dodsC/content/swan/201408091200.nc
72,404,http://dm2.caricoos.org/thredds/dodsC/content/swan/201408101200.nc
73,404,http://dm2.caricoos.org/thredds/dodsC/content/swan/201408111200.nc
74,404,http://dm2.caricoos.org/thredds/dodsC/content/swan/201408120000.nc
75,404,http://thredds.cdip.ucsd.edu/thredds/dodsC/cdip/archive/097p1/097p1_historic_T_Z.nc
76,404,http://thredds.cdip.ucsd.edu/thredds/dodsC/cdip/archive/097p1/097p1_historic_Z.nc
77,404,http://thredds.cdip.ucsd.edu/thredds/dodsC/cdip/archive/179p1/179p1_combo_tmp.nc
78,404,http://dm2.caricoos.org/thredds/dodsC/content/swan/201408131200.nc
79,404,http://dm2.caricoos.org/thredds/dodsC/content/swan/201408141200.nc
80,404,http://dm2.caricoos.org/thredds/dodsC/content/swan/201408151200.nc
81,404,http://dm2.caricoos.org/thredds/dodsC/content/swan/201408161200.nc
82,404,http://dm2.caricoos.org/thredds/dodsC/content/swan/201408171200.nc
83,404,http://dm2.caricoos.org/thredds/dodsC/content/swan/201408181200.nc
84,404,http://dm2.caricoos.org/thredds/dodsC/content/swan/201408191200.nc
85,404,http://dm2.caricoos.org/thredds/dodsC/content/swan/201408201200.nc
86,404,http://dm2.caricoos.org/thredds/dodsC/content/swan/201408211200.nc
87,404,http://dm2.caricoos.org/thredds/dodsC/content/swan/201408221200.nc
88,404,http://dm2.caricoos.org/thredds/dodsC/content/swan/201408251200.nc
89,404,http://dm2.caricoos.org/thredds/dodsC/content/swan/201408271200.nc
90,500,http://tds.maracoos.org/thredds/dodsC/MODIS-2009-Agg.nc
91,500,http://tds.maracoos.org/thredds/dodsC/MODIS-2010-Agg.nc
92,500,http://tds.maracoos.org/thredds/dodsC/MODIS-2011-Agg.nc
93,500,http://tds.maracoos.org/thredds/dodsC/MODIS-2012-Agg.nc
94,500,http://tds.maracoos.org/thredds/dodsC/MODIS-2013-Agg.nc
95,404,http://dm2.caricoos.org/thredds/dodsC/content/swan/201408281200.nc
96,404,http://dm2.caricoos.org/thredds/dodsC/content/swan/201408291200.nc
97,404,http://dm2.caricoos.org/thredds/dodsC/content/swan/201408301200.nc
98,404,http://dm2.caricoos.org/thredds/dodsC/content/swan/201408311200.nc
99,404,http://dm2.caricoos.org/thredds/dodsC/content/swan/201409011200.nc
100,404,http://dm2.caricoos.org/thredds/dodsC/content/swan/201409021200.nc
101,404,http://dm2.caricoos.org/thredds/dodsC/content/swan/201409041200.nc
102,404,http://dm2.caricoos.org/thredds/dodsC/content/swan/201409050000.nc
103,404,http://dm2.caricoos.org/thredds/dodsC/content/swan/201409061200.nc
104,404,http://dm2.caricoos.org/thredds/dodsC/content/swan/201409071200.nc
105,404,http://dm2.caricoos.org/thredds/dodsC/content/swan/201409081200.nc
106,404,http://dm2.caricoos.org/thredds/dodsC/content/swan/201409090000.nc
107,404,http://dm2.caricoos.org/thredds/dodsC/content/swan/201409111200.nc
108,404,http://dm2.caricoos.org/thredds/dodsC/content/swan/201409121200.nc
109,404,http://dm2.caricoos.org/thredds/dodsC/content/swan/201409131200.nc
110,404,http://dm2.caricoos.org/thredds/dodsC/content/swan/201409141200.nc
111,404,http://dm2.caricoos.org/thredds/dodsC/content/swan/201409151200.nc
112,404,http://dm2.caricoos.org/thredds/dodsC/content/swan/201409161200.nc
113,-1,http://thredds.axiomalaska.com/thredds/dodsC/MB_DAS.nc
114,404,http://ecowatch.ncddc.noaa.gov/thredds/dodsC/ncom_amseas_agg_20091119_20130404/Amseas_May_2010_-_Apr_04_2013_best.ncd
115,404,http://ecowatch.ncddc.noaa.gov/thredds/dodsC/ncom_amseas_agg/AmSeas_Apr_05_2013_-_Current_best.ncd
116,404,http://ecowatch.ncddc.noaa.gov/thredds/dodsC/ncom_us_east_agg/US_East_Apr_05_2013_-_Current_best.ncd
117,404,http://ecowatch.ncddc.noaa.gov/thredds/dodsC/ncom_us_east_before_depth_change_agg/US_East_Feb_2009_-_November_18_2009_best.ncd
118,404,"http://ecowatch.ncddc.noaa.gov/thredds/dodsC/ncom_useast_agg_20091119_20130404/US_East_Nov_19,_2009_-_Apr_04_2013_best.ncd"
119,404,http://dm2.caricoos.org/thredds/dodsC/content/swan/201409171200.nc
120,404,http://dm2.caricoos.org/thredds/dodsC/content/swan/201409181200.nc
121,404,http://dm2.caricoos.org/thredds/dodsC/content/swan/201409191200.nc
122,404,http://dm2.caricoos.org/thredds/dodsC/content/swan/201409201200.nc
123,404,http://dm2.caricoos.org/thredds/dodsC/content/swan/201409211200.nc
124,404,http://dm2.caricoos.org/thredds/dodsC/content/swan/201409221200.nc
125,404,http://dm2.caricoos.org/thredds/dodsC/content/swan/201409231200.nc
126,404,http://dm2.caricoos.org/thredds/dodsC/content/swan/201409241200.nc
127,404,http://dm2.caricoos.org/thredds/dodsC/content/swan/201409251200.nc
128,404,http://ecowatch.ncddc.noaa.gov/thredds/dodsC/ncom_amseas_agg/AmSeas_Sep_23_2014_to_Current_best.ncd
129,404,http://dm2.caricoos.org/thredds/dodsC/content/swan/201409271200.nc
130,404,http://dm2.caricoos.org/thredds/dodsC/content/swan/201409281200.nc
131,404,http://dm2.caricoos.org/thredds/dodsC/content/swan/201409291200.nc
132,404,http://dm2.caricoos.org/thredds/dodsC/content/swan/201409301200.nc
133,404,http://dm2.caricoos.org/thredds/dodsC/content/swan/201410011200.nc
134,404,http://dm2.caricoos.org/thredds/dodsC/content/swan/201410021200.nc
135,404,http://dm2.caricoos.org/thredds/dodsC/content/swan/201410031200.nc
136,404,http://dm2.caricoos.org/thredds/dodsC/content/swan/201410041200.nc
137,404,http://dm2.caricoos.org/thredds/dodsC/content/swan/201410051200.nc
138,404,http://dm2.caricoos.org/thredds/dodsC/content/swan/201410061200.nc
139,404,http://dm2.caricoos.org/thredds/dodsC/content/swan/201410071200.nc
140,404,http://thredds.axiomalaska.com/thredds/dodsC/COAMPS_3KM_AGG_AIR_TEMP.nc
141,404,http://thredds.axiomalaska.com/thredds/dodsC/COAMPS_3KM_AGG_WIND.nc
142,404,http://thredds.axiomalaska.com/thredds/dodsC/COAMPS_4KM_AGG_AIR_TEMP.nc
143,404,http://thredds.axiomalaska.com/thredds/dodsC/COAMPS_4KM_AGG_WIND.nc
144,-1,http://dm1.caricoos.org/thredds/dodsC/buoys/Historical/PR1/DSG_PR1.aanderaa.historical.nc
145,-1,http://dm1.caricoos.org/thredds/dodsC/buoys/Historical/PR1/DSG_PR1.diagnostics.historical.nc
146,-1,http://dm1.caricoos.org/thredds/dodsC/buoys/Historical/PR1/DSG_PR1.doppler.historical.zcell36.nc
147,-1,http://dm1.caricoos.org/thredds/dodsC/buoys/Historical/PR1/DSG_PR1.met.historical.nc
148,-1,http://dm1.caricoos.org/thredds/dodsC/buoys/Historical/PR1/DSG_PR1.sbe37.historical.1m.nc
149,-1,http://dm1.caricoos.org/thredds/dodsC/buoys/Historical/PR1/DSG_PR1.waves.triaxys.historical.nc
150,-1,http://dm1.caricoos.org/thredds/dodsC/buoys/Historical/PR3/DSG_PR3.accelerometer2.historical.nc
151,-1,http://dm1.caricoos.org/thredds/dodsC/buoys/Historical/PR3/DSG_PR3.diagnostics.historical.nc
152,-1,http://dm1.caricoos.org/thredds/dodsC/buoys/Historical/PR3/DSG_PR3.doppler.historical.zcell36.nc
153,-1,http://dm1.caricoos.org/thredds/dodsC/buoys/Historical/PR3/DSG_PR3.met.pr.historical.nc
154,-1,http://dm1.caricoos.org/thredds/dodsC/buoys/Historical/PR3/DSG_PR3.sbe37.historical.1m.nc
155,-1,http://dm1.caricoos.org/thredds/dodsC/buoys/Historical/PR3/DSG_PR3.waves.mstrain.v1.historical.nc
156,-1,http://dm1.caricoos.org/thredds/dodsC/buoys/Historical/VI1/DSG_VI1.accelerometer.historical.nc
157,-1,http://dm1.caricoos.org/thredds/dodsC/buoys/Historical/VI1/DSG_VI1.diagnostics.historical.nc
158,-1,http://dm1.caricoos.org/thredds/dodsC/buoys/Historical/VI1/DSG_VI1.doppler.historical.zcell40.nc
159,-1,http://dm1.caricoos.org/thredds/dodsC/buoys/Historical/VI1/DSG_VI1.met.pr.historical.nc
160,-1,http://dm1.caricoos.org/thredds/dodsC/buoys/Historical/VI1/DSG_VI1.sbe37.historical.1m.nc
161,-1,http://dm1.caricoos.org/thredds/dodsC/buoys/Historical/VI1/DSG_VI1.waves.triaxys.historical.nc
162,-1,http://dm1.caricoos.org/thredds/dodsC/buoys/Historical/VIA/DSG_VIA.diagnostics.cbibs.historical.nc
163,-1,http://dm1.caricoos.org/thredds/dodsC/buoys/Historical/VIA/DSG_VIA.doppler.cbibs.historical.nc
164,-1,http://dm1.caricoos.org/thredds/dodsC/buoys/Historical/VIA/DSG_VIA.met.cbibs.historical.nc
165,-1,http://dm1.caricoos.org/thredds/dodsC/buoys/Historical/VIA/DSG_VIA.waves.cbibs.historical.nc
166,-1,http://dm1.caricoos.org/thredds/dodsC/buoys/Historical/VIA/DSG_VIA.wqm.cbibs.historical.nc
167,404,http://dm2.caricoos.org/thredds/dodsC/content/swan/201410081200.nc
168,404,http://dm2.caricoos.org/thredds/dodsC/content/swan/201410171200.nc
169,404,http://dm2.caricoos.org/thredds/dodsC/content/swan/201410181200.nc
170,404,http://dm2.caricoos.org/thredds/dodsC/content/swan/201410191200.nc
171,404,http://dm2.caricoos.org/thredds/dodsC/content/swan/201410221200.nc
172,404,http://dm2.caricoos.org/thredds/dodsC/content/swan/201410231200.nc
173,404,http://dm2.caricoos.org/thredds/dodsC/content/swan/201410241200.nc
174,404,http://dm2.caricoos.org/thredds/dodsC/content/swan/201410251200.nc
175,404,http://dm2.caricoos.org/thredds/dodsC/content/swan/201410260000.nc
176,404,http://dm2.caricoos.org/thredds/dodsC/content/swan/201410271200.nc
177,404,http://dm2.caricoos.org/thredds/dodsC/content/swan/201410281200.nc
178,503,http://sos.maracoos.org/thredds/dodsC/agg/codarstps/agg.nc
179,503,http://sos.maracoos.org/thredds/dodsC/agg/hfradar/agg.nc
180,503,http://sos.maracoos.org/thredds/dodsC/agg/nam/agg.nc
181,503,http://sos.maracoos.org/thredds/dodsC/agg/navhycom/agg.nc
182,503,http://sos.maracoos.org/thredds/dodsC/agg/stevensnyhops/agg.nc
183,503,http://sos.maracoos.org/thredds/dodsC/agg/umasshops/agg.nc
184,503,http://sos.maracoos.org/thredds/dodsC/agg/wwiii/agg.nc
185,404,http://dm2.caricoos.org/thredds/dodsC/content/swan/201410290000.nc
186,404,http://dm2.caricoos.org/thredds/dodsC/content/swan/201410301200.nc
187,404,http://dm2.caricoos.org/thredds/dodsC/content/swan/201410311200.nc
188,404,http://dm2.caricoos.org/thredds/dodsC/content/swan/201411011200.nc
189,404,http://dm2.caricoos.org/thredds/dodsC/content/swan/201411021200.nc
190,404,http://dm2.caricoos.org/thredds/dodsC/content/swan/201411031200.nc
191,404,http://dm2.caricoos.org/thredds/dodsC/content/swan/201411041200.nc
192,404,http://dm2.caricoos.org/thredds/dodsC/content/swan/201411051200.nc
193,404,http://dm2.caricoos.org/thredds/dodsC/content/swan/201411061200.nc
194,404,http://dm2.caricoos.org/thredds/dodsC/content/swan/201411071200.nc
195,404,http://dm2.caricoos.org/thredds/dodsC/content/swan/201411081200.nc
196,404,http://dm2.caricoos.org/thredds/dodsC/content/swan/201411091200.nc
197,404,http://dm2.caricoos.org/thredds/dodsC/content/swan/201411101200.nc
198,404,http://dm2.caricoos.org/thredds/dodsC/content/swan/201411111200.nc
199,404,http://dm2.caricoos.org/thredds/dodsC/content/swan/201411120000.nc
200,404,http://dm2.caricoos.org/thredds/dodsC/content/swan/201411131200.nc
201,404,http://dm2.caricoos.org/thredds/dodsC/content/swan/201411141200.nc
202,404,http://dm2.caricoos.org/thredds/dodsC/content/swan/201411151200.nc
203,404,http://dm2.caricoos.org/thredds/dodsC/content/swan/201411161200.nc
204,404,http://dm2.caricoos.org/thredds/dodsC/content/swan/201411171200.nc
205,404,http://dm2.caricoos.org/thredds/dodsC/content/swan/201411181200.nc
206,404,http://dm2.caricoos.org/thredds/dodsC/content/swan/201411191200.nc
207,404,http://dm2.caricoos.org/thredds/dodsC/content/swan/201411201200.nc
208,404,http://dm2.caricoos.org/thredds/dodsC/content/swan/201411211200.nc
209,404,http://dm2.caricoos.org/thredds/dodsC/content/swan/201411221200.nc
210,404,http://dm2.caricoos.org/thredds/dodsC/content/swan/201411231200.nc
211,404,http://dm2.caricoos.org/thredds/dodsC/content/swan/201411241200.nc
212,404,http://dm2.caricoos.org/thredds/dodsC/content/swan/201411251200.nc
213,-1,http://thredds.axiomalaska.com/thredds/dodsC/PMEL_CCCMA1.nc
214,-1,http://thredds.axiomalaska.com/thredds/dodsC/PMEL_CFSR.nc
215,-1,http://thredds.axiomalaska.com/thredds/dodsC/PMEL_CORE.nc
216,-1,http://thredds.axiomalaska.com/thredds/dodsC/PMEL_ECHOG.nc
217,-1,http://thredds.axiomalaska.com/thredds/dodsC/PMEL_MIROC.nc
218,-1,http://thredds.axiomalaska.com/thredds/dodsC/ERDATSSTA1DAY.nc
219,-1,http://thredds.axiomalaska.com/thredds/dodsC/ERDATSSTA8DAY.nc
220,-1,http://thredds.axiomalaska.com/thredds/dodsC/ERDATSSTAMDAY.nc
221,-1,http://thredds.axiomalaska.com/thredds/dodsC/ERDMWCHLA1DAY.nc
222,-1,http://thredds.axiomalaska.com/thredds/dodsC/ERDMWCHLA8DAY.nc
223,-1,http://thredds.axiomalaska.com/thredds/dodsC/ERDMWCHLAMDAY.nc
224,-1,http://thredds.axiomalaska.com/thredds/dodsC/MAURER.nc
225,-1,http://thredds.axiomalaska.com/thredds/dodsC/UCSC.nc
226,404,http://dm2.caricoos.org/thredds/dodsC/content/swan/201411261200.nc
227,-1,http://oos.soest.hawaii.edu/thredds/dodsC/pacioos/nss/ns08agg
228,-1,http://oos.soest.hawaii.edu/thredds/dodsC/hioos/glider/sg139_8_agg
229,-1,http://oos.soest.hawaii.edu/thredds/dodsC/hioos/glider/sg139_9_agg
230,-1,http://oos.soest.hawaii.edu/thredds/dodsC/hioos/glider/sg523_4_agg
231,404,http://dm2.caricoos.org/thredds/dodsC/content/swan/201411271200.nc
232,404,http://dm2.caricoos.org/thredds/dodsC/content/swan/201411281200.nc
233,404,http://dm2.caricoos.org/thredds/dodsC/content/swan/201411291200.nc
234,404,http://data.ioos.us/thredds/dodsC/aoml/SG60920140719T1700.nc3.nc
235,404,http://data.ioos.us/thredds/dodsC/aoml/SG61020140715T1400.nc3.nc
236,404,http://data.ioos.us/thredds/dodsC/lcampbell/development.nc3.nc
237,404,http://data.ioos.us/thredds/dodsC/rmiller/unit_236-20121005T2349.nc3.nc
238,-1,http://tds.glos.us/thredds/dodsC/CHL/LakeErieCHL-Agg
239,-1,http://tds.gliders.ioos.us/thredds/dodsC/GLOS_unit_236-20121005T0023_Time.ncml
240,-1,http://tds.glos.us/thredds/dodsC/CHL/LakeHuronCHL-Agg
241,-1,http://tds.glos.us/thredds/dodsC/CHL/LakeMichiganCHL-Agg
242,-1,http://tds.gliders.ioos.us/thredds/dodsC/Rutgers-University_ru05-20130815T1650_Time.ncml
243,-1,http://tds.glos.us/thredds/dodsC/CHL/LakeOntarioCHL-Agg
244,-1,http://tds.gliders.ioos.us/thredds/dodsC/Rutgers-University_ru07-20130815T1701_Time.ncml
245,-1,http://tds.glos.us/thredds/dodsC/CHL/LakeSuperiorCHL-Agg
246,-1,http://tds.glos.us/thredds/dodsC/NC/LakeErieNC-Agg
247,-1,http://tds.glos.us/thredds/dodsC/NC/LakeHuronNC-Agg
248,-1,http://tds.gliders.ioos.us/thredds/dodsC/Rutgers-University_ru29-20130111T0724_Time.ncml
249,-1,http://tds.glos.us/thredds/dodsC/NC/LakeMichiganNC-Agg
250,-1,http://tds.gliders.ioos.us/thredds/dodsC/Rutgers-University_ru29-20131110T1400_Time.ncml
251,-1,http://tds.glos.us/thredds/dodsC/NC/LakeOntarioNC-Agg
252,-1,http://tds.glos.us/thredds/dodsC/NC/LakeSuperiorNC-Agg
253,-1,http://tds.glos.us/thredds/dodsC/SST/LakeErieSST-Agg
254,-1,http://tds.glos.us/thredds/dodsC/SST/LakeHuronSST-Agg
255,-1,http://tds.glos.us/thredds/dodsC/SST/LakeMichiganSST-Agg
256,-1,http://tds.gliders.ioos.us/thredds/dodsC/University-of-Massachusetts-Dartmouth_blue-20130906T1347_Time.ncml
257,-1,http://tds.glos.us/thredds/dodsC/SST/LakeOntarioSST-Agg
258,-1,http://tds.glos.us/thredds/dodsC/SST/LakeSuperiorSST-Agg
259,-1,http://hfrnet.ucsd.edu/thredds/dodsC/HFRNet/AKNS/6km/hourly/RTV
260,-1,http://hfrnet.ucsd.edu/thredds/dodsC/HFRNet/PRVI/2km/hourly/GNOME
261,-1,http://hfrnet.ucsd.edu/thredds/dodsC/HFRNet/PRVI/2km/hourly/RTV
262,-1,http://hfrnet.ucsd.edu/thredds/dodsC/HFRNet/PRVI/6km/hourly/GNOME
263,-1,http://hfrnet.ucsd.edu/thredds/dodsC/HFRNet/USEGC/1km/hourly/GNOME
264,-1,http://hfrnet.ucsd.edu/thredds/dodsC/HFRNet/USEGC/1km/hourly/RTV
265,-1,http://hfrnet.ucsd.edu/thredds/dodsC/HFRNet/USEGC/2km/hourly/GNOME
266,-1,http://hfrnet.ucsd.edu/thredds/dodsC/HFRNet/USEGC/2km/hourly/RTV
267,-1,http://hfrnet.ucsd.edu/thredds/dodsC/HFRNet/USEGC/6km/hourly/GNOME
268,-1,http://hfrnet.ucsd.edu/thredds/dodsC/HFRNet/USHI/1km/hourly/GNOME
269,-1,http://hfrnet.ucsd.edu/thredds/dodsC/HFRNet/USHI/1km/hourly/RTV
270,-1,http://hfrnet.ucsd.edu/thredds/dodsC/HFRNet/USHI/2km/hourly/GNOME
271,-1,http://hfrnet.ucsd.edu/thredds/dodsC/HFRNet/USHI/2km/hourly/RTV
272,-1,http://hfrnet.ucsd.edu/thredds/dodsC/HFRNet/USHI/6km/hourly/GNOME
273,-1,http://hfrnet.ucsd.edu/thredds/dodsC/HFRNet/USHI/6km/hourly/RTV
274,-1,http://hfrnet.ucsd.edu/thredds/dodsC/HFRNet/USWC/1km/hourly/GNOME
275,-1,http://hfrnet.ucsd.edu/thredds/dodsC/HFRNet/USWC/1km/hourly/RTV
276,-1,http://hfrnet.ucsd.edu/thredds/dodsC/HFRNet/USWC/2km/hourly/GNOME
277,-1,http://hfrnet.ucsd.edu/thredds/dodsC/HFRNet/USWC/6km/hourly/GNOME
278,-1,http://hfrnet.ucsd.edu/thredds/dodsC/HFRNet/USWC/500m/hourly/GNOME
279,-1,http://hfrnet.ucsd.edu/thredds/dodsC/HFRNet/USWC/500m/hourly/RTV
280,-1,http://tds.secoora.org/thredds/dodsC/longbay.nc
281,-1,http://tds.secoora.org/thredds/dodsC/miami_wera.nc
282,-1,http://tds.secoora.org/thredds/dodsC/savannah.nc
283,-1,http://tds.secoora.org/thredds/dodsC/tampa_codar.nc
284,-1,http://oos.soest.hawaii.edu/thredds/dodsC/ais/ais_hi_20112012_agg
285,-1,http://oos.soest.hawaii.edu/thredds/dodsC/hioos/hfr/kakagg
286,-1,http://oos.soest.hawaii.edu/thredds/dodsC/hioos/hfr/kalagg
287,-1,http://oos.soest.hawaii.edu/thredds/dodsC/hioos/hfr/kkhagg
288,-1,http://oos.soest.hawaii.edu/thredds/dodsC/hioos/hfr/knaagg
289,-1,http://oos.soest.hawaii.edu/thredds/dodsC/hioos/hfr/kokagg
290,-1,http://oos.soest.hawaii.edu/thredds/dodsC/hioos/glider/nc2_agg
291,404,http://dm2.caricoos.org/thredds/dodsC/content/swan/201411301200.nc
292,404,http://thredds.ucar.edu/thredds/dodsC/grib/NCEP/NAM/Firewxnest/Best/LambertConformal_561X496-31p52N-83p49W
293,404,http://thredds.ucar.edu/thredds/dodsC/grib/Unidata/NMM/Primary/Best/LambertConformal_155X201-37p52N-122p6W
294,404,http://thredds.ucar.edu/thredds/dodsC/grib/Unidata/NMM/Primary/Best/LambertConformal_155X201-37p92N-122p9W
295,404,http://thredds.ucar.edu/thredds/dodsC/grib/Unidata/NMM/Primary/Best/LambertConformal_155X201-39p57N-122p0W
296,404,http://thredds.ucar.edu/thredds/dodsC/grib/Unidata/NMM/Primary/Best/LambertConformal_155X201-41p45N-123p1W
297,404,http://thredds.ucar.edu/thredds/dodsC/grib/Unidata/NMM/Primary/Best/LambertConformal_155X201-43p09N-122p9W
298,404,http://thredds.ucar.edu/thredds/dodsC/grib/Unidata/NMM/Primary/Best/LambertConformal_155X201-44p30N-110p8W
299,404,http://thredds.ucar.edu/thredds/dodsC/grib/Unidata/NMM/Secondary/Best/LambertConformal_155X201-37p54N-90p13W
300,404,http://thredds.ucar.edu/thredds/dodsC/grib/Unidata/NMM/Secondary/Best/LambertConformal_155X201-43p50N-110p4W
301,404,http://thredds.ucar.edu/thredds/dodsC/grib/Unidata/NMM/Secondary/Best/LambertConformal_155X201-43p89N-110p7W
302,404,http://thredds.ucar.edu/thredds/dodsC/grib/Unidata/NMM/Secondary/Best/LambertConformal_155X201-46p13N-114p5W
303,404,http://thredds.ucar.edu/thredds/dodsC/grib/Unidata/NMM/Secondary/Best/LambertConformal_155X201-47p39N-69p54W
304,404,http://thredds.ucar.edu/thredds/dodsC/grib/Unidata/NMM/Secondary/Best/LambertConformal_155X201-48p25N-114p7W
305,404,http://thredds.ucar.edu/thredds/dodsC/grib/Unidata/NMM/Secondary/Best/LambertConformal_155X201-48p81N-86p21W
306,-1,http://sos.maracoos.org/stable/dodsC/sldmb/buoy38650-agg.ncml
307,-1,http://sos.maracoos.org/stable/dodsC/sldmb/buoy38685-agg.ncml
308,-1,http://sos.maracoos.org/stable/dodsC/sldmb/buoy38757-agg.ncml
309,-1,http://sos.maracoos.org/stable/dodsC/sldmb/buoy38775-agg.ncml
310,-1,http://sos.maracoos.org/stable/dodsC/sldmb/buoy38796-agg.ncml
311,-1,http://sos.maracoos.org/stable/dodsC/sldmb/buoy38797-agg.ncml
312,-1,http://sos.maracoos.org/stable/dodsC/sldmb/buoy38803-agg.ncml
313,-1,http://sos.maracoos.org/stable/dodsC/sldmb/buoy38805-agg.ncml
314,-1,http://sos.maracoos.org/stable/dodsC/sldmb/buoy38817-agg.ncml
315,-1,http://sos.maracoos.org/stable/dodsC/sldmb/buoy38818-agg.ncml
316,-1,http://sos.maracoos.org/stable/dodsC/sldmb/buoy38821-agg.ncml
317,-1,http://sos.maracoos.org/stable/dodsC/sldmb/buoy38823-agg.ncml
318,-1,http://sos.maracoos.org/stable/dodsC/sldmb/buoy38828-agg.ncml
319,-1,http://sos.maracoos.org/stable/dodsC/sldmb/buoy38845-agg.ncml
320,-1,http://sos.maracoos.org/stable/dodsC/sldmb/buoy38846-agg.ncml
321,-1,http://sos.maracoos.org/stable/dodsC/sldmb/buoy38857-agg.ncml
322,-1,http://sos.maracoos.org/stable/dodsC/sldmb/buoy38869-agg.ncml
323,-1,http://sos.maracoos.org/stable/dodsC/sldmb/buoy38883-agg.ncml
324,-1,http://sos.maracoos.org/stable/dodsC/sldmb/buoy38900-agg.ncml
325,-1,http://sos.maracoos.org/stable/dodsC/sldmb/buoy38910-agg.ncml
326,-1,http://sos.maracoos.org/stable/dodsC/sldmb/buoy38918-agg.ncml
327,-1,http://sos.maracoos.org/stable/dodsC/sldmb/buoy38924-agg.ncml
328,-1,http://sos.maracoos.org/stable/dodsC/sldmb/buoy38944-agg.ncml
329,-1,http://sos.maracoos.org/stable/dodsC/sldmb/buoy38960-agg.ncml
330,-1,http://sos.maracoos.org/stable/dodsC/sldmb/buoy38965-agg.ncml
331,-1,http://sos.maracoos.org/stable/dodsC/sldmb/buoy38987-agg.ncml
332,-1,http://sos.maracoos.org/stable/dodsC/sldmb/buoy38988-agg.ncml
333,-1,http://sos.maracoos.org/stable/dodsC/sldmb/buoy39011-agg.ncml
334,-1,http://sos.maracoos.org/stable/dodsC/sldmb/buoy39019-agg.ncml
335,-1,http://sos.maracoos.org/stable/dodsC/sldmb/buoy39024-agg.ncml
336,-1,http://sos.maracoos.org/stable/dodsC/sldmb/buoy39025-agg.ncml
337,-1,http://sos.maracoos.org/stable/dodsC/sldmb/buoy39034-agg.ncml
338,-1,http://sos.maracoos.org/stable/dodsC/sldmb/buoy39035-agg.ncml
339,-1,http://sos.maracoos.org/stable/dodsC/sldmb/buoy43048-agg.ncml
340,-1,http://sos.maracoos.org/stable/dodsC/sldmb/buoy43049-agg.ncml
341,-1,http://sos.maracoos.org/stable/dodsC/sldmb/buoy43095-agg.ncml
342,-1,http://sos.maracoos.org/stable/dodsC/sldmb/buoy43105-agg.ncml
343,-1,http://sos.maracoos.org/stable/dodsC/sldmb/buoy43137-agg.ncml
344,-1,http://sos.maracoos.org/stable/dodsC/sldmb/buoy43164-agg.ncml
345,-1,http://sos.maracoos.org/stable/dodsC/sldmb/buoy43173-agg.ncml
346,-1,http://sos.maracoos.org/stable/dodsC/sldmb/buoy43176-agg.ncml
347,-1,http://sos.maracoos.org/stable/dodsC/sldmb/buoy43185-agg.ncml
348,-1,http://sos.maracoos.org/stable/dodsC/sldmb/buoy43188-agg.ncml
349,-1,http://sos.maracoos.org/stable/dodsC/sldmb/buoy43196-agg.ncml
350,-1,http://sos.maracoos.org/stable/dodsC/sldmb/buoy43201-agg.ncml
351,-1,http://sos.maracoos.org/stable/dodsC/sldmb/buoy43208-agg.ncml
352,-1,http://sos.maracoos.org/stable/dodsC/sldmb/buoy43227-agg.ncml
353,-1,http://sos.maracoos.org/stable/dodsC/sldmb/buoy43236-agg.ncml
354,-1,http://sos.maracoos.org/stable/dodsC/sldmb/buoy43238-agg.ncml
355,-1,http://sos.maracoos.org/stable/dodsC/sldmb/buoy43255-agg.ncml
356,-1,http://sos.maracoos.org/stable/dodsC/sldmb/buoy43262-agg.ncml
357,-1,http://sos.maracoos.org/stable/dodsC/sldmb/buoy43264-agg.ncml
358,-1,http://sos.maracoos.org/stable/dodsC/sldmb/buoy43294-agg.ncml
359,-1,http://sos.maracoos.org/stable/dodsC/sldmb/buoy43312-agg.ncml
360,-1,http://sos.maracoos.org/stable/dodsC/sldmb/buoy43330-agg.ncml
361,-1,http://sos.maracoos.org/stable/dodsC/sldmb/buoy43334-agg.ncml
362,-1,http://sos.maracoos.org/stable/dodsC/sldmb/buoy43336-agg.ncml
363,-1,http://sos.maracoos.org/stable/dodsC/sldmb/buoy43357-agg.ncml
364,-1,http://sos.maracoos.org/stable/dodsC/sldmb/buoy43369-agg.ncml
365,-1,http://sos.maracoos.org/stable/dodsC/sldmb/buoy43378-agg.ncml
366,-1,http://sos.maracoos.org/stable/dodsC/sldmb/buoy43386-agg.ncml
367,-1,http://sos.maracoos.org/stable/dodsC/sldmb/buoy43416-agg.ncml
368,-1,http://sos.maracoos.org/stable/dodsC/sldmb/buoy43500-agg.ncml
369,-1,http://sos.maracoos.org/stable/dodsC/stationHRALBPH-agg.ncml
370,-1,http://sos.maracoos.org/stable/dodsC/stationHRALBPM-agg.ncml
371,-1,http://sos.maracoos.org/stable/dodsC/stationHRLCK8H-agg.ncml
372,-1,http://sos.maracoos.org/stable/dodsC/stationHRLCK8M-agg.ncml
373,-1,http://sos.maracoos.org/stable/dodsC/stationHRMARPH-agg.ncml
374,-1,http://sos.maracoos.org/stable/dodsC/stationHRPIER84-agg.ncml
375,-1,http://sos.maracoos.org/stable/dodsC/stationHRPMNTH-agg.ncml
376,-1,http://sos.maracoos.org/stable/dodsC/stationHRPMNTM-agg.ncml
377,-1,http://sos.maracoos.org/stable/dodsC/stationHRTVBM-agg.ncml
378,-1,http://sos.maracoos.org/stable/dodsC/stationHRWSTPTH-agg.ncml
379,-1,http://sos.maracoos.org/stable/dodsC/wflow397-agg.ncml
380,-1,http://sos.maracoos.org/stable/dodsC/wflow697-agg.ncml
381,-1,http://sos.maracoos.org/stable/dodsC/wflow700-agg.ncml
382,-1,http://sos.maracoos.org/stable/dodsC/wflow1127-agg.ncml
383,-1,http://sos.maracoos.org/stable/dodsC/wflow44554-agg.ncml
384,-1,http://sos.maracoos.org/stable/dodsC/wflow46182-agg.ncml
385,-1,http://sos.maracoos.org/stable/dodsC/wflow47091-agg.ncml
386,-1,http://sos.maracoos.org/stable/dodsC/wflow48242-agg.ncml
387,-1,http://sos.maracoos.org/stable/dodsC/wflow48328-agg.ncml
388,-1,http://opendap.co-ops.nos.noaa.gov/thredds/dodsC/CBOFS/fmrc/Aggregated_7_day_CBOFS_Fields_Forecast_best.ncd
389,-1,http://opendap.co-ops.nos.noaa.gov/thredds/dodsC/DBOFS/fmrc/Aggregated_7_day_DBOFS_Fields_Forecast_best.ncd
390,-1,http://opendap.co-ops.nos.noaa.gov/thredds/dodsC/GBOFS/fmrc/Aggregated_7_day_GBOFS_Fields_Forecast_best.ncd
391,-1,http://opendap.co-ops.nos.noaa.gov/thredds/dodsC/LEOFS/fmrc/Aggregated_7_day_LEOFS_Fields_Forecast_best.ncd
392,-1,http://opendap.co-ops.nos.noaa.gov/thredds/dodsC/LHOFS/fmrc/Aggregated_7_day_LHOFS_Fields_Forecast_best.ncd
393,-1,http://opendap.co-ops.nos.noaa.gov/thredds/dodsC/LMOFS/fmrc/Aggregated_7_day_LMOFS_Fields_Forecast_best.ncd
394,-1,http://opendap.co-ops.nos.noaa.gov/thredds/dodsC/LOOFS/fmrc/Aggregated_7_day_LOOFS_Fields_Forecast_best.ncd
395,-1,http://opendap.co-ops.nos.noaa.gov/thredds/dodsC/SJROFS/fmrc/Aggregated_7_day_SJROFS_Fields_Forecast_best.ncd
396,-1,http://opendap.co-ops.nos.noaa.gov/thredds/dodsC/TBOFS/fmrc/Aggregated_7_day_TBOFS_Fields_Forecast_best.ncd
397,-1,http://www.neracoos.org/thredds/dodsC/UMO/DSG/SOS/A01/Aanderaa/HistoricRealtime/Agg.ncml
398,-1,http://www.neracoos.org/thredds/dodsC/UMO/DSG/SOS/A01/CTD20m/HistoricRealtime/Agg.ncml
399,-1,http://www.neracoos.org/thredds/dodsC/UMO/DSG/SOS/A01/Met/HistoricRealtime/Agg.ncml
400,-1,http://www.neracoos.org/thredds/dodsC/UMO/DSG/SOS/B01/Met/HistoricRealtime/Agg.ncml
401,-1,http://www.neracoos.org/thredds/dodsC/UMO/DSG/SOS/C02/CTD1m/HistoricRealtime/Agg.ncml
402,-1,http://www.neracoos.org/thredds/dodsC/UMO/DSG/SOS/E01/Met/HistoricRealtime/Agg.ncml
403,-1,http://www.neracoos.org/thredds/dodsC/UMO/DSG/SOS/F01/Aanderaa/HistoricRealtime/Agg.ncml
404,-1,http://www.neracoos.org/thredds/dodsC/UMO/DSG/SOS/F01/CTD1m/HistoricRealtime/Agg.ncml
405,-1,http://www.neracoos.org/thredds/dodsC/UMO/DSG/SOS/F01/CTD20m/HistoricRealtime/Agg.ncml
406,-1,http://www.neracoos.org/thredds/dodsC/UMO/DSG/SOS/M01/Met/HistoricRealtime/Agg.ncml
407,-1,http://www.neracoos.org/thredds/dodsC/UMO/DSG/SOS/N01/CTD1m/HistoricRealtime/Agg.ncml
408,-1,http://www.neracoos.org/thredds/dodsC/UMO/DSG/SOS/N01/Met/HistoricRealtime/Agg.ncml
409,-1,http://thredds.axiomalaska.com/thredds/dodsC/CORDC.nc
410,-1,http://thredds.axiomalaska.com/thredds/dodsC/G1_SST.nc
411,-1,http://thredds.axiomalaska.com/thredds/dodsC/HYCOM.nc
412,-1,http://thredds.axiomalaska.com/thredds/dodsC/JPL_BERING_HINDCAST.nc
413,-1,http://thredds.axiomalaska.com/thredds/dodsC/NDFD_Aggregate.nc
414,-1,http://thredds.axiomalaska.com/thredds/dodsC/NDFD_Maximum_Temperature.nc
415,-1,http://thredds.axiomalaska.com/thredds/dodsC/NDFD_Minimum_Temperature.nc
416,-1,http://thredds.axiomalaska.com/thredds/dodsC/NDFD_Significant_height_of_wind_waves.nc
417,-1,http://thredds.axiomalaska.com/thredds/dodsC/NDFD_Total_Precipitation.nc
418,-1,http://thredds.axiomalaska.com/thredds/dodsC/NDFD_Total_Snowfall.nc
419,-1,http://thredds.axiomalaska.com/thredds/dodsC/NDFD_Wind_Speed_Gust.nc
420,-1,http://thredds.axiomalaska.com/thredds/dodsC/NSIDC_SEA_ICE_CON.nc
421,-1,http://thredds.axiomalaska.com/thredds/dodsC/PWS_DAS.nc
422,-1,http://thredds.axiomalaska.com/thredds/dodsC/PWS_L0_FCST.nc
423,-1,http://thredds.axiomalaska.com/thredds/dodsC/PWS_L1_FCST.nc
424,-1,http://thredds.axiomalaska.com/thredds/dodsC/PWS_L2_FCST.nc
425,-1,http://thredds.axiomalaska.com/thredds/dodsC/RAPID_REFRESH_ACC_TOTAL_PRCP.nc
426,-1,http://thredds.axiomalaska.com/thredds/dodsC/RAPID_REFRESH_SKIN_TEMP.nc
427,-1,http://thredds.axiomalaska.com/thredds/dodsC/RAPID_REFRESH_UV10M.nc
428,-1,http://thredds.axiomalaska.com/thredds/dodsC/SNAP_A1B.nc
429,-1,http://thredds.axiomalaska.com/thredds/dodsC/SNAP_B1_A2.nc
430,-1,http://thredds.axiomalaska.com/thredds/dodsC/SNAP_JOHN_WALSH_HISTORICAL.nc
431,-1,http://thredds.axiomalaska.com/thredds/dodsC/SNAP_JOHN_WALSH_RCP60.nc
432,-1,http://thredds.axiomalaska.com/thredds/dodsC/SNAP_JOHN_WALSH_RCP85.nc
433,-1,http://thredds.axiomalaska.com/thredds/dodsC/SNAP_PRC_CRU.nc
434,-1,http://thredds.axiomalaska.com/thredds/dodsC/SNAP_TAVE_CRU.nc
435,-1,http://thredds.axiomalaska.com/thredds/dodsC/WAVE_2.nc
436,-1,http://thredds.axiomalaska.com/thredds/dodsC/WAVE_3.nc
437,404,http://thredds.axiomalaska.com/thredds/dodsC/Aquarius_SSS_Daily.nc
438,404,http://thredds.axiomalaska.com/thredds/dodsC/Aquarius_SSS_Monthly.nc
439,404,http://thredds.axiomalaska.com/thredds/dodsC/Aquarius_SSS_Trimonthly.nc
440,404,http://thredds.axiomalaska.com/thredds/dodsC/Aquarius_SSS_Weekly.nc
441,-1,http://thredds.axiomalaska.com/thredds/dodsC/Aquarius_V3_SSS_Daily.nc
442,-1,http://thredds.axiomalaska.com/thredds/dodsC/Aquarius_V3_SSS_Weekly.nc
443,-1,http://thredds.axiomalaska.com/thredds/dodsC/Aquarius_V3_scat_wind_speed_Daily.nc
444,-1,http://thredds.axiomalaska.com/thredds/dodsC/Aquarius_V3_scat_wind_speed_Weekly.nc
445,404,http://thredds.axiomalaska.com/thredds/dodsC/Aquarius_scat_wind_speed_Daily.nc
446,404,http://thredds.axiomalaska.com/thredds/dodsC/Aquarius_scat_wind_speed_Monthly.nc
447,404,http://thredds.axiomalaska.com/thredds/dodsC/Aquarius_scat_wind_speed_Trimonthly.nc
448,404,http://thredds.axiomalaska.com/thredds/dodsC/Aquarius_scat_wind_speed_Weekly.nc
449,-1,http://thredds.axiomalaska.com/thredds/dodsC/CA_DAS.nc
450,-1,http://thredds.axiomalaska.com/thredds/dodsC/CA_FCST.nc
451,-1,http://thredds.axiomalaska.com/thredds/dodsC/COAMPS_4KM_2M_AIR_TEMP.nc
452,-1,http://thredds.axiomalaska.com/thredds/dodsC/COAMPS_4KM_10M_WIND.nc
453,-1,http://thredds.axiomalaska.com/thredds/dodsC/COAMPS_4KM_CLD_BASE.nc
454,-1,http://thredds.axiomalaska.com/thredds/dodsC/COAMPS_4KM_GRND_SEA_TEMP.nc
455,-1,http://thredds.axiomalaska.com/thredds/dodsC/COAMPS_4KM_IR_FLUX.nc
456,-1,http://thredds.axiomalaska.com/thredds/dodsC/COAMPS_4KM_PRES_MSL.nc
457,-1,http://thredds.axiomalaska.com/thredds/dodsC/COAMPS_4KM_RLTV_HUM.nc
458,-1,http://thredds.axiomalaska.com/thredds/dodsC/COAMPS_4KM_SOL_RAD.nc
459,-1,http://thredds.axiomalaska.com/thredds/dodsC/COAMPS_4KM_TTL_PRCP.nc
460,-1,http://thredds.axiomalaska.com/thredds/dodsC/COAMPS_4KM_VISIB.nc
461,-1,http://thredds.axiomalaska.com/thredds/dodsC/COAMPS_MBAY_3KM_AIR_TEMP.nc
462,-1,http://thredds.axiomalaska.com/thredds/dodsC/COAMPS_MBAY_3KM_GRND_SEA_TEMP.nc
463,-1,http://thredds.axiomalaska.com/thredds/dodsC/COAMPS_MBAY_3KM_WIND_10M.nc
464,-1,http://thredds.axiomalaska.com/thredds/dodsC/G1_SST_US_WEST_COAST.nc
465,-1,http://thredds.axiomalaska.com/thredds/dodsC/MB_FCST.nc
466,-1,http://thredds.axiomalaska.com/thredds/dodsC/NCEP_SKIN_TEMP.nc
467,-1,http://thredds.axiomalaska.com/thredds/dodsC/NCOM_SOCAL.nc
